Time;Step;Training Loss;Validation Loss;Full Validation Loss
20:18:39;2376;0,3334;-;0,3516
20:18:33;2375;0,2597;-;-
20:18:31;2374;0,3766;-;-
20:18:31;2373;0,3703;-;-
20:18:29;2372;0,3324;-;-
20:18:27;2371;0,169;-;-
20:18:25;2370;0,2815;-;-
20:18:25;2369;0,2672;-;-
20:18:23;2368;0,1864;-;-
20:18:21;2367;0,2039;-;-
20:18:19;2366;0,4666;-;-
20:18:17;2365;0,4786;-;-
20:18:17;2364;0,1534;-;-
20:18:15;2363;0,3136;-;-
20:18:13;2362;0,0962;-;-
20:18:11;2361;0,2866;-;-
20:18:11;2360;0,2722;-;-
20:18:09;2359;0,2291;-;-
20:18:06;2358;0,4295;-;-
20:18:04;2357;0,4229;-;-
20:18:04;2356;0,3495;-;-
20:18:02;2355;0,2611;-;-
20:18:00;2354;0,2132;-;-
20:17:58;2353;0,2663;-;-
20:17:58;2352;0,3536;-;-
20:17:56;2351;0,1906;-;-
20:17:54;2350;0,3453;-;-
20:17:52;2349;0,1298;-;-
20:17:52;2348;0,3007;-;-
20:17:50;2347;0,1777;-;-
20:17:48;2346;0,146;-;-
20:17:46;2345;0,2758;-;-
20:17:46;2344;0,3669;-;-
20:17:44;2343;0,5175;-;-
20:17:42;2342;0,4631;-;-
20:17:40;2341;0,1949;-;-
20:17:38;2340;0,155;-;-
20:17:38;2339;0,2932;-;-
20:17:36;2338;0,2037;-;-
20:17:34;2337;0,1554;-;-
20:17:32;2336;0,2184;-;-
20:17:32;2335;0,4827;-;-
20:17:30;2334;0,4191;-;-
20:17:28;2333;0,455;-;-
20:17:26;2332;0,4671;-;-
20:17:26;2331;0,2799;-;-
20:17:24;2330;0,159;-;-
20:17:22;2329;0,3297;-;-
20:17:20;2328;0,3435;-;-
20:17:20;2327;0,3204;-;-
20:17:18;2326;0,2115;-;-
20:17:16;2325;0,2907;-;-
20:17:14;2324;0,6281;-;-
20:17:14;2323;0,3092;-;-
20:16:58;2322;0,2747;-;-
20:16:56;2321;0,3385;-;-
20:16:56;2320;0,2466;-;-
20:16:54;2319;0,4875;-;-
20:16:52;2318;0,3067;-;-
20:16:50;2317;0,198;-;-
20:16:48;2316;0,2591;-;-
20:16:48;2315;0,2758;-;-
20:16:46;2314;0,3588;-;-
20:16:44;2313;0,1616;-;-
20:16:42;2312;0,3301;-;-
20:16:42;2311;0,3076;-;-
20:16:40;2310;0,3969;-;-
20:16:38;2309;0,2663;-;-
20:16:36;2308;0,4072;-;-
20:16:36;2307;0,5419;-;-
20:16:34;2306;0,6383;-;-
20:16:32;2305;0,4675;-;-
20:16:30;2304;0,322;-;-
20:16:30;2303;0,4596;-;-
20:16:28;2302;0,5578;-;-
20:16:26;2301;0,1688;-;-
20:16:24;2300;0,1831;0,4146;-
20:16:24;2299;0,1721;-;-
20:16:22;2298;0,1682;-;-
20:16:20;2297;0,2998;-;-
20:16:18;2296;0,2457;-;-
20:16:16;2295;0,4952;-;-
20:16:14;2294;0,3584;-;-
20:16:14;2293;0,6623;-;-
20:16:12;2292;0,2172;-;-
20:16:10;2291;0,2762;-;-
20:16:08;2290;0,2612;-;-
20:16:08;2289;0,4283;-;-
20:16:06;2288;0,1964;-;-
20:16:04;2287;0,1674;-;-
20:16:02;2286;0,1686;-;-
20:16:02;2285;0,1641;-;-
20:15:59;2284;0,4893;-;-
20:15:57;2283;0,2662;-;-
20:15:55;2282;0,1706;-;-
20:15:55;2281;0,464;-;-
20:15:53;2280;0,1744;-;-
20:15:51;2279;0,3096;-;-
20:15:49;2278;0,3163;-;-
20:15:47;2277;0,5038;-;-
20:15:47;2276;0,3163;-;-
20:15:45;2275;0,1882;-;-
20:15:43;2274;0,6554;-;-
20:15:41;2273;0,1454;-;-
20:15:41;2272;0,351;-;-
20:15:39;2271;0,3357;-;-
20:15:37;2270;0,538;-;-
20:15:35;2269;0,3794;-;-
20:15:35;2268;0,2748;-;-
20:15:33;2267;0,183;-;-
20:15:31;2266;0,2424;-;-
20:15:29;2265;0,4248;-;-
20:15:29;2264;0,8121;-;-
20:15:27;2263;0,168;-;-
20:15:25;2262;0,4491;-;-
20:15:23;2261;0,3718;-;-
20:15:23;2260;0,3562;-;-
20:15:21;2259;0,4236;-;-
20:15:19;2258;0,4931;-;-
20:15:17;2257;0,2457;-;-
20:15:17;2256;0,4479;-;-
20:15:15;2255;0,2782;-;-
20:15:13;2254;0,3875;-;-
20:15:11;2253;0,3165;-;-
20:15:11;2252;0,3303;-;-
20:15:09;2251;0,4182;-;-
20:15:07;2250;0,4028;-;-
20:15:05;2249;0,6169;-;-
20:15:05;2248;0,3107;-;-
20:15:03;2247;0,1387;-;-
20:15:01;2246;0,2591;-;-
20:14:59;2245;0,3091;-;-
20:14:57;2244;0,1459;-;-
20:14:57;2243;0,23;-;-
20:14:55;2242;0,3441;-;-
20:14:53;2241;0,1575;-;-
20:14:51;2240;0,7592;-;-
20:14:51;2239;0,4994;-;-
20:14:49;2238;0,257;-;-
20:14:47;2237;0,4213;-;-
20:14:45;2236;0,3286;-;-
20:14:45;2235;0,2399;-;-
20:14:43;2234;0,465;-;-
20:14:41;2233;0,4844;-;-
20:14:39;2232;0,3735;-;-
20:14:39;2231;0,289;-;-
20:14:37;2230;0,309;-;-
20:14:35;2229;0,3294;-;-
20:14:33;2228;0,3623;-;-
20:14:33;2227;0,415;-;-
20:14:31;2226;0,2357;-;-
20:14:29;2225;0,3295;-;-
20:14:27;2224;0,3467;-;-
20:14:27;2223;0,2812;-;-
20:14:25;2222;0,1472;-;-
20:14:23;2221;0,1352;-;-
20:14:21;2220;0,123;-;-
20:14:21;2219;0,5205;-;-
20:14:19;2218;0,413;-;-
20:14:17;2217;0,3395;-;-
20:14:15;2216;0,3822;-;-
20:14:15;2215;0,6505;-;-
20:14:13;2214;0,1276;-;-
20:14:11;2213;0,3949;-;-
20:14:09;2212;0,5389;-;-
20:14:07;2211;0,3531;-;-
20:14:07;2210;0,4286;-;-
20:14:05;2209;0,4629;-;-
20:14:03;2208;0,2207;-;-
20:14:01;2207;0,3193;-;-
20:14:01;2206;0,3309;-;-
20:13:58;2205;0,4938;-;-
20:13:56;2204;0,2691;-;-
20:13:54;2203;0,4608;-;-
20:13:54;2202;0,2669;-;-
20:13:52;2201;0,3089;-;-
20:13:50;2200;0,358;0,3292;-
20:13:48;2199;0,4305;-;-
20:13:46;2198;0,2829;-;-
20:13:46;2197;0,3378;-;-
20:13:44;2196;0,3153;-;-
20:13:42;2195;0,1004;-;-
20:13:40;2194;0,1413;-;-
20:13:38;2193;0,3188;-;-
20:13:38;2192;0,3167;-;-
20:13:36;2191;0,3001;-;-
20:13:34;2190;0,417;-;-
20:13:32;2189;0,3258;-;-
20:13:32;2188;0,2287;-;-
20:13:30;2187;0,5019;-;-
20:13:28;2186;0,2746;-;-
20:13:26;2185;0,1651;-;-
20:13:26;2184;0,3762;-;-
20:13:24;2183;0,1244;-;-
20:13:22;2182;0,3073;-;-
20:13:20;2181;0,1713;-;-
20:13:18;2180;0,227;-;-
20:13:18;2179;0,2214;-;-
20:13:16;2178;0,2376;-;-
20:13:14;2177;0,203;-;-
20:13:12;2176;0,302;-;-
20:13:12;2175;0,1112;-;-
20:13:10;2174;0,1539;-;-
20:13:08;2173;0,3419;-;-
20:13:06;2172;0,2841;-;-
20:13:06;2171;0,4614;-;-
20:13:04;2170;0,2493;-;-
20:13:02;2169;0,3278;-;-
20:13:00;2168;0,3854;-;-
20:13:00;2167;0,3068;-;-
20:12:58;2166;0,4537;-;-
20:12:56;2165;0,2392;-;-
20:12:54;2164;0,4036;-;-
20:12:52;2163;0,2777;-;-
20:12:52;2162;0,2968;-;-
20:12:50;2161;0,4334;-;-
20:12:48;2160;0,4187;-;-
20:12:46;2159;0,3834;-;-
20:12:46;2158;0,1274;-;-
20:12:44;2157;0,3191;-;-
20:12:42;2156;0,3111;-;-
20:12:40;2155;0,2939;-;-
20:12:40;2154;0,377;-;-
20:12:38;2153;0,2614;-;-
20:12:36;2152;0,1997;-;-
20:12:34;2151;0,4498;-;-
20:12:34;2150;0,1778;-;-
20:12:32;2149;0,3211;-;-
20:12:30;2148;0,1503;-;-
20:12:28;2147;0,4368;-;-
20:12:28;2146;0,4535;-;-
20:12:26;2145;0,3891;-;-
20:12:24;2144;0,3519;-;-
20:12:22;2143;0,2334;-;-
20:12:20;2142;0,3916;-;-
20:12:20;2141;0,2171;-;-
20:12:18;2140;0,208;-;-
20:12:16;2139;0,3102;-;-
20:12:14;2138;0,2615;-;-
20:12:14;2137;0,2926;-;-
20:12:12;2136;0,1548;-;-
20:12:10;2135;0,2422;-;-
20:12:08;2134;0,4203;-;-
20:12:08;2133;0,3107;-;-
20:12:06;2132;0,1468;-;-
20:12:04;2131;0,3145;-;-
20:12:01;2130;0,4994;-;-
20:12:01;2129;0,167;-;-
20:11:59;2128;0,3686;-;-
20:11:57;2127;0,323;-;-
20:11:55;2126;0,2544;-;-
20:11:55;2125;0,1983;-;-
20:11:53;2124;0,3278;-;-
20:11:51;2123;0,6595;-;-
20:11:49;2122;0,1814;-;-
20:11:49;2121;0,5619;-;-
20:11:47;2120;0,3792;-;-
20:11:45;2119;0,2303;-;-
20:11:43;2118;0,351;-;-
20:11:41;2117;0,4546;-;-
20:11:41;2116;0,6787;-;-
20:11:39;2115;0,1399;-;-
20:11:37;2114;0,1328;-;-
20:11:35;2113;0,1886;-;-
20:11:35;2112;0,1563;-;-
20:11:33;2111;0,4256;-;-
20:11:31;2110;0,2838;-;-
20:11:29;2109;0,576;-;-
20:11:29;2108;0,5103;-;-
20:11:27;2107;0,7258;-;-
20:11:25;2106;0,2874;-;-
20:11:23;2105;0,4013;-;-
20:11:23;2104;0,4732;-;-
20:11:21;2103;0,3132;-;-
20:11:19;2102;0,2636;-;-
20:11:17;2101;0,1741;-;-
20:11:17;2100;0,3092;0,677;-
20:11:15;2099;0,4317;-;-
20:11:13;2098;0,2394;-;-
20:11:11;2097;0,2727;-;-
20:11:09;2096;0,229;-;-
20:11:09;2095;0,1719;-;-
20:11:07;2094;0,1914;-;-
20:11:05;2093;0,3093;-;-
20:11:03;2092;0,1278;-;-
20:11:03;2091;0,4836;-;-
20:11:01;2090;0,5471;-;-
20:10:59;2089;0,3062;-;-
20:10:57;2088;0,1163;-;-
20:10:57;2087;0,221;-;-
20:10:55;2086;0,594;-;-
20:10:53;2085;0,2174;-;-
20:10:51;2084;0,2932;-;-
20:10:51;2083;0,3379;-;-
20:10:49;2082;0,3676;-;-
20:10:47;2081;0,2173;-;-
20:10:45;2080;0,2614;-;-
20:10:45;2079;0,2699;-;-
20:10:43;2078;0,2522;-;-
20:10:41;2077;0,5669;-;-
20:10:39;2076;0,2733;-;-
20:10:39;2075;0,3812;-;-
20:10:37;2074;0,246;-;-
20:10:35;2073;0,3379;-;-
20:10:33;2072;0,3056;-;-
20:10:33;2071;0,3023;-;-
20:10:31;2070;0,4115;-;-
20:10:29;2069;0,1803;-;-
20:10:27;2068;0,4068;-;-
20:10:27;2067;0,3518;-;-
20:10:25;2066;0,5516;-;-
20:10:23;2065;0,2218;-;-
20:10:21;2064;0,3315;-;-
20:10:21;2063;0,2653;-;-
20:10:19;2062;0,1499;-;-
20:10:17;2061;0,3376;-;-
20:10:15;2060;0,2281;-;-
20:10:15;2059;0,1625;-;-
20:10:13;2058;0,3709;-;-
20:10:11;2057;0,2699;-;-
20:10:09;2056;0,1927;-;-
20:10:09;2055;0,2924;-;-
20:10:07;2054;0,2453;-;-
20:10:05;2053;0,3777;-;-
20:10:02;2052;0,314;-;-
20:10:00;2051;0,3341;-;-
20:10:00;2050;0,1186;-;-
20:09:58;2049;0,4955;-;-
20:09:56;2048;0,1473;-;-
20:09:54;2047;0,6151;-;-
20:09:54;2046;0,4687;-;-
20:09:52;2045;0,1142;-;-
20:09:50;2044;0,2772;-;-
20:09:48;2043;0,1975;-;-
20:09:48;2042;0,2675;-;-
20:09:46;2041;0,3245;-;-
20:09:44;2040;0,4769;-;-
20:09:42;2039;0,3124;-;-
20:09:42;2038;0,4723;-;-
20:09:40;2037;0,2698;-;-
20:09:38;2036;0,3919;-;-
20:09:36;2035;0,279;-;-
20:09:36;2034;0,3516;-;-
20:09:34;2033;0,4264;-;-
20:09:32;2032;0,1133;-;-
20:09:30;2031;0,452;-;-
20:09:30;2030;0,2973;-;-
20:09:28;2029;0,4303;-;-
20:09:26;2028;0,2948;-;-
20:09:24;2027;0,328;-;-
20:09:24;2026;0,3165;-;-
20:09:22;2025;0,3064;-;-
20:09:20;2024;0,2114;-;-
20:09:18;2023;0,2311;-;-
20:09:18;2022;0,4406;-;-
20:09:16;2021;0,2;-;-
20:09:14;2020;0,2145;-;-
20:09:12;2019;0,1855;-;-
20:09:12;2018;0,3896;-;-
20:09:10;2017;0,3955;-;-
20:09:08;2016;0,2572;-;-
20:09:06;2015;0,3208;-;-
20:09:06;2014;0,407;-;-
20:09:04;2013;0,497;-;-
20:09:02;2012;0,3522;-;-
20:09:00;2011;0,2929;-;-
20:09:00;2010;0,3457;-;-
20:08:58;2009;0,4304;-;-
20:08:56;2008;0,2587;-;-
20:08:54;2007;0,2035;-;-
20:08:54;2006;0,1306;-;-
20:08:52;2005;0,3524;-;-
20:08:50;2004;0,3349;-;-
20:08:48;2003;0,1369;-;-
20:08:48;2002;0,1769;-;-
20:08:46;2001;0,2667;-;-
20:08:44;2000;0,2747;0,6399;-
20:08:42;1999;0,2486;-;-
20:08:40;1998;0,2437;-;-
20:08:40;1997;0,3567;-;-
20:08:38;1996;0,2492;-;-
20:08:36;1995;0,3276;-;-
20:08:34;1994;0,1605;-;-
20:08:34;1993;0,5472;-;-
20:08:32;1992;0,2446;-;-
20:08:30;1991;0,2901;-;-
20:08:28;1990;0,4171;-;-
20:08:28;1989;0,3409;-;-
20:08:26;1988;0,6488;-;-
20:08:24;1987;0,2105;-;-
20:08:22;1986;0,2665;-;-
20:08:22;1985;0,5052;-;-
20:08:20;1984;0,1928;-;-
20:08:18;1983;0,2001;-;-
20:08:16;1982;0,3666;-;-
20:08:14;1981;0,4507;-;-
20:08:14;1980;0,3953;-;-
20:08:12;1979;0,2809;-;-
20:08:10;1978;0,2028;-;-
20:08:08;1977;0,42;-;-
20:08:07;1976;0,3922;-;-
20:08:05;1975;0,286;-;-
20:08:03;1974;0,2382;-;-
20:08:01;1973;0,4643;-;-
20:08:01;1972;0,3531;-;-
20:07:59;1971;0,5763;-;-
20:07:57;1970;0,3133;-;-
20:07:55;1969;0,315;-;-
20:07:55;1968;0,1835;-;-
20:07:53;1967;0,3304;-;-
20:07:51;1966;0,4391;-;-
20:07:49;1965;0,4603;-;-
20:07:49;1964;0,4401;-;-
20:07:47;1963;0,368;-;-
20:07:45;1962;0,2954;-;-
20:07:43;1961;0,5248;-;-
20:07:43;1960;0,1643;-;-
20:07:41;1959;0,3076;-;-
20:07:39;1958;0,8396;-;-
20:07:37;1957;0,3383;-;-
20:07:35;1956;0,1672;-;-
20:07:35;1955;0,4181;-;-
20:07:33;1954;0,1396;-;-
20:07:31;1953;0,2925;-;-
20:07:29;1952;0,2889;-;-
20:07:29;1951;0,2522;-;-
20:07:27;1950;0,5677;-;-
20:07:25;1949;0,3517;-;-
20:07:23;1948;0,1865;-;-
20:07:23;1947;0,2688;-;-
20:07:21;1946;0,4789;-;-
20:07:19;1945;0,384;-;-
20:07:17;1944;0,4889;-;-
20:07:17;1943;0,5382;-;-
20:07:15;1942;0,2697;-;-
20:07:13;1941;0,1416;-;-
20:07:11;1940;0,2707;-;-
20:07:11;1939;0,3759;-;-
20:07:09;1938;0,1338;-;-
20:07:07;1937;0,203;-;-
20:07:05;1936;0,1971;-;-
20:07:05;1935;0,4497;-;-
20:07:03;1934;0,2128;-;-
20:07:01;1933;0,2908;-;-
20:06:59;1932;0,2871;-;-
20:06:57;1931;0,5036;-;-
20:06:57;1930;0,3247;-;-
20:06:55;1929;0,4352;-;-
20:06:53;1928;0,3245;-;-
20:06:51;1927;0,327;-;-
20:06:51;1926;0,465;-;-
20:06:49;1925;0,1118;-;-
20:06:47;1924;0,2434;-;-
20:06:45;1923;0,9435;-;-
20:06:45;1922;0,2989;-;-
20:06:43;1921;0,2014;-;-
20:06:41;1920;0,3473;-;-
20:06:39;1919;0,321;-;-
20:06:39;1918;0,4469;-;-
20:06:37;1917;0,2919;-;-
20:06:35;1916;0,3608;-;-
20:06:33;1915;0,5799;-;-
20:06:33;1914;0,3295;-;-
20:06:31;1913;0,4388;-;-
20:06:29;1912;0,325;-;-
20:06:27;1911;0,1716;-;-
20:06:27;1910;0,1245;-;-
20:06:25;1909;0,3242;-;-
20:06:23;1908;0,2763;-;-
20:06:21;1907;0,2603;-;-
20:06:21;1906;0,3474;-;-
20:06:19;1905;0,313;-;-
20:06:17;1904;0,318;-;-
20:06:15;1903;0,5955;-;-
20:06:15;1902;0,5992;-;-
20:06:13;1901;0,2596;-;-
20:06:11;1900;0,3487;0,4673;-
20:06:09;1899;0,2424;-;-
20:06:07;1898;0,6963;-;-
20:06:06;1897;0,4311;-;-
20:06:04;1896;0,0972;-;-
20:06:02;1895;0,3171;-;-
20:06:00;1894;0,1979;-;-
20:06:00;1893;0,4555;-;-
20:05:58;1892;0,2716;-;-
20:05:56;1891;0,1455;-;-
20:05:54;1890;0,4273;-;-
20:05:52;1889;0,3748;-;-
20:05:52;1888;0,2881;-;-
20:05:50;1887;0,1636;-;-
20:05:48;1886;0,1788;-;-
20:05:46;1885;0,1505;-;-
20:05:46;1884;0,4686;-;-
20:05:44;1883;0,1362;-;-
20:05:42;1882;0,2732;-;-
20:05:40;1881;0,1388;-;-
20:05:40;1880;0,431;-;-
20:05:38;1879;0,3324;-;-
20:05:36;1878;0,1944;-;-
20:05:34;1877;0,2799;-;-
20:05:34;1876;0,4644;-;-
20:05:32;1875;0,4064;-;-
20:05:30;1874;0,2031;-;-
20:05:28;1873;0,3428;-;-
20:05:28;1872;0,1574;-;-
20:05:26;1871;0,4897;-;-
20:05:24;1870;0,3636;-;-
20:05:22;1869;0,3485;-;-
20:05:22;1868;0,4092;-;-
20:05:20;1867;0,1728;-;-
20:05:18;1866;0,4495;-;-
20:05:16;1865;0,238;-;-
20:05:16;1864;0,5101;-;-
20:05:14;1863;0,3613;-;-
20:05:12;1862;0,3567;-;-
20:05:10;1861;0,3572;-;-
20:05:10;1860;0,262;-;-
20:05:08;1859;0,188;-;-
20:05:06;1858;0,2668;-;-
20:05:04;1857;0,1453;-;-
20:05:04;1856;0,3652;-;-
20:05:02;1855;0,2552;-;-
20:05:00;1854;0,5301;-;-
20:04:58;1853;0,4947;-;-
20:04:58;1852;0,3356;-;-
20:04:56;1851;0,349;-;-
20:04:54;1850;0,2124;-;-
20:04:52;1849;0,4157;-;-
20:04:52;1848;0,3099;-;-
20:04:50;1847;0,2067;-;-
20:04:48;1846;0,1162;-;-
20:04:46;1845;0,4073;-;-
20:04:46;1844;0,2764;-;-
20:04:44;1843;0,4364;-;-
20:04:42;1842;0,3104;-;-
20:04:40;1841;0,3236;-;-
20:04:40;1840;0,1135;-;-
20:04:38;1839;0,1864;-;-
20:04:36;1838;0,304;-;-
20:04:34;1837;0,1962;-;-
20:04:32;1836;0,2749;-;-
20:04:32;1835;0,2151;-;-
20:04:30;1834;0,4437;-;-
20:04:28;1833;0,3717;-;-
20:04:26;1832;0,4055;-;-
20:04:26;1831;0,2472;-;-
20:04:24;1830;0,1295;-;-
20:04:22;1829;0,6134;-;-
20:04:20;1828;0,4987;-;-
20:04:20;1827;0,4411;-;-
20:04:18;1826;0,2932;-;-
20:04:16;1825;0,2057;-;-
20:04:14;1824;0,4539;-;-
20:04:14;1823;0,2658;-;-
20:04:12;1822;0,3658;-;-
20:04:10;1821;0,2644;-;-
20:04:08;1820;0,1901;-;-
20:04:08;1819;0,365;-;-
20:04:05;1818;0,295;-;-
20:04:03;1817;0,3147;-;-
20:04:01;1816;0,305;-;-
20:03:59;1815;0,3911;-;-
20:03:59;1814;0,3458;-;-
20:03:57;1813;0,4599;-;-
20:03:55;1812;0,2973;-;-
20:03:53;1811;0,245;-;-
20:03:53;1810;0,4142;-;-
20:03:51;1809;0,6178;-;-
20:03:49;1808;0,3276;-;-
20:03:47;1807;0,4545;-;-
20:03:47;1806;0,4457;-;-
20:03:45;1805;0,4581;-;-
20:03:43;1804;0,4346;-;-
20:03:41;1803;0,5283;-;-
20:03:41;1802;0,1687;-;-
20:03:39;1801;0,8104;-;-
20:03:37;1800;0,2129;0,6056;-
20:03:35;1799;0,3436;-;-
20:03:33;1798;0,4658;-;-
20:03:33;1797;0,1758;-;-
20:03:31;1796;0,2935;-;-
20:03:29;1795;0,2177;-;-
20:03:27;1794;0,2477;-;-
20:03:27;1793;1,1441;-;-
20:03:25;1792;0,5327;-;-
20:03:23;1791;0,272;-;-
20:03:21;1790;0,2723;-;-
20:03:21;1789;0,3258;-;-
20:03:19;1788;0,9059;-;-
20:03:17;1787;0,4961;-;-
20:03:15;1786;0,4511;-;-
20:03:15;1785;0,2706;-;-
20:03:13;1784;0,2091;-;-
20:03:11;1783;0,4859;-;-
20:03:09;1782;0,2458;-;-
20:03:09;1781;0,1493;-;-
20:03:07;1780;0,2564;-;-
20:03:05;1779;0,5581;-;-
20:03:03;1778;0,2324;-;-
20:03:01;1777;0,3644;-;-
20:03:01;1776;0,4168;-;-
20:02:59;1775;0,2623;-;-
20:02:57;1774;0,1717;-;-
20:02:55;1773;0,1593;-;-
20:02:55;1772;0,3511;-;-
20:02:53;1771;0,2639;-;-
20:02:51;1770;0,604;-;-
20:02:49;1769;0,3098;-;-
20:02:49;1768;0,1094;-;-
20:02:47;1767;0,4675;-;-
20:02:45;1766;0,3249;-;-
20:02:43;1765;0,5359;-;-
20:02:43;1764;0,196;-;-
20:02:41;1763;0,473;-;-
20:02:39;1762;0,1818;-;-
20:02:37;1761;0,2624;-;-
20:02:37;1760;0,6063;-;-
20:02:35;1759;0,3455;-;-
20:02:33;1758;0,4191;-;-
20:02:31;1757;0,4971;-;-
20:02:29;1756;0,1968;-;-
20:02:29;1755;0,2846;-;-
20:02:27;1754;0,303;-;-
20:02:25;1753;0,4492;-;-
20:02:23;1752;0,3344;-;-
20:02:23;1751;0,5133;-;-
20:02:21;1750;0,1336;-;-
20:02:19;1749;0,3276;-;-
20:02:17;1748;0,1415;-;-
20:02:17;1747;0,5489;-;-
20:02:15;1746;0,4896;-;-
20:02:13;1745;0,1501;-;-
20:02:11;1744;0,226;-;-
20:01:58;1743;0,4063;-;-
20:01:56;1742;0,3405;-;-
20:01:54;1741;0,1313;-;-
20:01:52;1740;0,3292;-;-
20:01:52;1739;0,2259;-;-
20:01:50;1738;0,4079;-;-
20:01:48;1737;0,4498;-;-
20:01:46;1736;0,305;-;-
20:01:44;1735;0,2564;-;-
20:01:44;1734;0,3601;-;-
20:01:42;1733;0,1835;-;-
20:01:40;1732;0,1506;-;-
20:01:38;1731;0,4252;-;-
20:01:38;1730;0,3139;-;-
20:01:36;1729;0,1335;-;-
20:01:34;1728;0,2032;-;-
20:01:32;1727;0,3622;-;-
20:01:32;1726;0,2937;-;-
20:01:30;1725;0,6456;-;-
20:01:28;1724;0,4296;-;-
20:01:26;1723;0,2106;-;-
20:01:26;1722;0,4383;-;-
20:01:24;1721;0,4286;-;-
20:01:22;1720;0,2118;-;-
20:01:20;1719;0,3836;-;-
20:01:20;1718;0,378;-;-
20:01:18;1717;0,186;-;-
20:01:16;1716;0,2711;-;-
20:01:14;1715;0,418;-;-
20:01:14;1714;0,459;-;-
20:01:12;1713;0,2261;-;-
20:01:10;1712;0,3922;-;-
20:01:08;1711;0,2709;-;-
20:01:08;1710;0,5022;-;-
20:01:06;1709;0,3113;-;-
20:01:04;1708;0,2308;-;-
20:01:02;1707;0,4388;-;-
20:01:02;1706;0,2102;-;-
20:01:00;1705;0,2946;-;-
20:00:58;1704;0,1671;-;-
20:00:56;1703;0,1279;-;-
20:00:56;1702;0,2384;-;-
20:00:54;1701;0,3104;-;-
20:00:52;1700;0,2524;0,6939;-
20:00:50;1699;0,2706;-;-
20:00:48;1698;0,2117;-;-
20:00:48;1697;0,2953;-;-
20:00:46;1696;0,5155;-;-
20:00:44;1695;0,3651;-;-
20:00:42;1694;0,3426;-;-
20:00:42;1693;0,2619;-;-
20:00:40;1692;0,1145;-;-
20:00:38;1691;0,2739;-;-
20:00:36;1690;0,4307;-;-
20:00:36;1689;0,4904;-;-
20:00:34;1688;0,3707;-;-
20:00:32;1687;0,2007;-;-
20:00:30;1686;0,295;-;-
20:00:30;1685;0,3218;-;-
20:00:28;1684;0,1424;-;-
20:00:26;1683;0,365;-;-
20:00:24;1682;0,4588;-;-
20:00:24;1681;0,6138;-;-
20:00:22;1680;0,3778;-;-
20:00:20;1679;0,3862;-;-
20:00:18;1678;0,7225;-;-
20:00:18;1677;0,2795;-;-
20:00:16;1676;0,4028;-;-
20:00:14;1675;0,0794;-;-
20:00:12;1674;0,3559;-;-
20:00:12;1673;0,3074;-;-
20:00:10;1672;0,1581;-;-
20:00:07;1671;0,5137;-;-
20:00:05;1670;0,2954;-;-
20:00:05;1669;1,292;-;-
20:00:03;1668;0,3177;-;-
20:00:01;1667;0,2841;-;-
19:59:59;1666;0,1188;-;-
19:59:59;1665;0,2728;-;-
19:59:57;1664;0,4515;-;-
19:59:55;1663;0,2004;-;-
19:59:53;1662;0,422;-;-
19:59:53;1661;0,2019;-;-
19:59:51;1660;0,132;-;-
19:59:49;1659;0,2258;-;-
19:59:47;1658;0,3588;-;-
19:59:45;1657;0,1193;-;-
19:59:45;1656;0,9234;-;-
19:59:43;1655;0,2436;-;-
19:59:41;1654;0,1903;-;-
19:59:39;1653;0,5313;-;-
19:59:39;1652;0,0884;-;-
19:59:37;1651;0,3087;-;-
19:59:35;1650;0,3921;-;-
19:59:33;1649;0,3261;-;-
19:59:33;1648;0,217;-;-
19:59:31;1647;0,4884;-;-
19:59:29;1646;0,5093;-;-
19:59:27;1645;0,1519;-;-
19:59:27;1644;0,1235;-;-
19:59:25;1643;0,3355;-;-
19:59:23;1642;0,3394;-;-
19:59:21;1641;0,393;-;-
19:59:19;1640;0,2445;-;-
19:59:19;1639;0,1608;-;-
19:59:17;1638;0,3994;-;-
19:59:15;1637;0,3537;-;-
19:59:13;1636;0,3054;-;-
19:59:13;1635;0,2591;-;-
19:59:11;1634;0,445;-;-
19:59:09;1633;0,4013;-;-
19:59:07;1632;0,3035;-;-
19:59:07;1631;0,4098;-;-
19:59:05;1630;0,2804;-;-
19:59:03;1629;0,4486;-;-
19:59:01;1628;0,2864;-;-
19:59:01;1627;0,2217;-;-
19:58:59;1626;0,4497;-;-
19:58:57;1625;0,7295;-;-
19:58:55;1624;0,4111;-;-
19:58:55;1623;0,3331;-;-
19:58:53;1622;0,32;-;-
19:58:51;1621;0,227;-;-
19:58:49;1620;0,4812;-;-
19:58:47;1619;0,3578;-;-
19:58:47;1618;0,3713;-;-
19:58:45;1617;0,5371;-;-
19:58:43;1616;0,2289;-;-
19:58:41;1615;0,1809;-;-
19:58:41;1614;0,1767;-;-
19:58:39;1613;0,5612;-;-
19:58:37;1612;0,4494;-;-
19:58:35;1611;0,2314;-;-
19:58:35;1610;0,2471;-;-
19:58:33;1609;0,3821;-;-
19:58:31;1608;0,2108;-;-
19:58:29;1607;0,3357;-;-
19:58:29;1606;0,4201;-;-
19:58:27;1605;0,3082;-;-
19:58:25;1604;0,1216;-;-
19:58:23;1603;0,1801;-;-
19:58:23;1602;0,225;-;-
19:58:21;1601;0,4515;-;-
19:58:19;1600;0,2528;0,6345;-
19:58:17;1599;0,3788;-;-
19:58:15;1598;0,3738;-;-
19:58:15;1597;0,3333;-;-
19:58:13;1596;0,4731;-;-
19:58:10;1595;0,3566;-;-
19:58:08;1594;0,421;-;-
19:58:08;1593;0,3757;-;-
19:58:06;1592;0,3445;-;-
19:58:04;1591;0,2021;-;-
19:58:02;1590;0,2584;-;-
19:58:02;1589;0,3251;-;-
19:58:00;1588;0,3645;-;-
19:57:58;1587;0,1897;-;-
19:57:56;1586;0,3616;-;-
19:57:56;1585;0,3957;-;-
19:57:54;1584;0,4009;-;0,3472
19:57:46;1583;0,4243;-;-
19:57:44;1582;0,5793;-;-
19:57:44;1581;0,2408;-;-
19:57:42;1580;0,3731;-;-
19:57:40;1579;0,4173;-;-
19:57:38;1578;0,3881;-;-
19:57:38;1577;0,245;-;-
19:57:36;1576;0,2094;-;-
19:57:34;1575;0,5946;-;-
19:57:32;1574;0,3037;-;-
19:57:32;1573;0,449;-;-
19:57:30;1572;0,2709;-;-
19:57:28;1571;0,3693;-;-
19:57:26;1570;0,311;-;-
19:57:26;1569;0,3643;-;-
19:57:24;1568;0,3868;-;-
19:57:22;1567;0,2406;-;-
19:57:20;1566;0,5242;-;-
19:57:20;1565;0,4834;-;-
19:57:18;1564;0,3372;-;-
19:57:16;1563;0,6962;-;-
19:57:14;1562;0,3936;-;-
19:57:14;1561;0,4626;-;-
19:57:12;1560;0,1777;-;-
19:57:10;1559;0,2108;-;-
19:57:08;1558;0,4269;-;-
19:57:08;1557;0,4706;-;-
19:57:06;1556;0,2572;-;-
19:57:04;1555;0,1818;-;-
19:57:02;1554;0,3662;-;-
19:57:02;1553;0,5292;-;-
19:57:00;1552;0,3499;-;-
19:56:58;1551;0,422;-;-
19:56:56;1550;0,249;-;-
19:56:54;1549;0,3688;-;-
19:56:54;1548;0,4946;-;-
19:56:52;1547;0,5667;-;-
19:56:50;1546;0,1523;-;-
19:56:48;1545;0,2134;-;-
19:56:48;1544;0,4095;-;-
19:56:46;1543;0,4618;-;-
19:56:44;1542;0,1721;-;-
19:56:42;1541;0,433;-;-
19:56:42;1540;0,7116;-;-
19:56:40;1539;0,2338;-;-
19:56:38;1538;0,4834;-;-
19:56:36;1537;0,1429;-;-
19:56:36;1536;0,3468;-;-
19:56:34;1535;0,4323;-;-
19:56:32;1534;0,3382;-;-
19:56:30;1533;0,5112;-;-
19:56:30;1532;0,6482;-;-
19:56:28;1531;0,1511;-;-
19:56:26;1530;0,2506;-;-
19:56:26;1529;0,3442;-;-
19:56:23;1528;0,25;-;-
19:56:21;1527;1,0352;-;-
19:56:19;1526;0,5047;-;-
19:56:19;1525;0,6023;-;-
19:56:17;1524;0,3012;-;-
19:56:15;1523;0,7583;-;-
19:56:13;1522;0,3439;-;-
19:56:13;1521;0,4371;-;-
19:56:11;1520;0,4666;-;-
19:56:09;1519;0,1631;-;-
19:56:07;1518;0,4993;-;-
19:56:07;1517;0,3739;-;-
19:56:05;1516;0,4056;-;-
19:56:03;1515;0,4542;-;-
19:56:01;1514;0,5458;-;-
19:56:01;1513;0,2859;-;-
19:55:59;1512;0,3413;-;-
19:55:57;1511;0,2076;-;-
19:55:55;1510;0,4276;-;-
19:55:55;1509;0,3433;-;-
19:55:53;1508;0,3757;-;-
19:55:51;1507;0,4649;-;-
19:55:49;1506;0,6392;-;-
19:55:49;1505;0,3826;-;-
19:55:47;1504;0,7201;-;-
19:55:45;1503;0,5453;-;-
19:55:43;1502;0,4901;-;-
19:55:43;1501;0,3619;-;-
19:55:41;1500;0,3985;0,5773;-
19:55:39;1499;0,3088;-;-
19:55:37;1498;0,285;-;-
19:55:35;1497;0,3263;-;-
19:55:35;1496;0,3519;-;-
19:55:33;1495;0,6153;-;-
19:55:31;1494;0,4232;-;-
19:55:29;1493;0,4319;-;-
19:55:29;1492;0,3981;-;-
19:55:27;1491;0,4248;-;-
19:55:25;1490;0,1579;-;-
19:55:23;1489;0,4591;-;-
19:55:23;1488;0,2494;-;-
19:55:21;1487;0,3713;-;-
19:55:19;1486;0,2838;-;-
19:55:17;1485;0,2479;-;-
19:55:17;1484;0,5907;-;-
19:55:15;1483;0,2518;-;-
19:55:13;1482;0,2849;-;-
19:55:11;1481;0,4069;-;-
19:55:11;1480;0,7936;-;-
19:55:09;1479;0,1848;-;-
19:55:07;1478;0,2782;-;-
19:55:05;1477;0,4309;-;-
19:55:05;1476;0,368;-;-
19:55:03;1475;0,4655;-;-
19:55:01;1474;0,2623;-;-
19:54:59;1473;0,4465;-;-
19:54:59;1472;0,2753;-;-
19:54:57;1471;0,3405;-;-
19:54:55;1470;0,4517;-;-
19:54:53;1469;0,3873;-;-
19:54:53;1468;0,2955;-;-
19:54:51;1467;0,3144;-;-
19:54:49;1466;0,4779;-;-
19:54:49;1465;0,4068;-;-
19:54:47;1464;0,3536;-;-
19:54:45;1463;0,4446;-;-
19:54:43;1462;0,3676;-;-
19:54:43;1461;0,291;-;-
19:54:41;1460;0,422;-;-
19:54:39;1459;0,4089;-;-
19:54:37;1458;0,222;-;-
19:54:37;1457;0,6262;-;-
19:54:35;1456;0,2099;-;-
19:54:32;1455;0,2884;-;-
19:54:30;1454;0,1978;-;-
19:54:30;1453;0,4946;-;-
19:54:28;1452;0,7078;-;-
19:54:26;1451;0,4144;-;-
19:54:24;1450;0,3762;-;-
19:54:24;1449;0,2928;-;-
19:54:22;1448;0,6016;-;-
19:54:20;1447;0,3135;-;-
19:54:18;1446;0,1977;-;-
19:54:18;1445;0,1848;-;-
19:54:16;1444;0,2022;-;-
19:54:14;1443;0,2771;-;-
19:54:12;1442;0,463;-;-
19:54:12;1441;0,4312;-;-
19:54:10;1440;0,3467;-;-
19:54:08;1439;0,2723;-;-
19:54:06;1438;0,2323;-;-
19:54:06;1437;0,2565;-;-
19:54:04;1436;0,2572;-;-
19:54:02;1435;0,6341;-;-
19:54:00;1434;0,1201;-;-
19:54:00;1433;0,3395;-;-
19:53:58;1432;0,4565;-;-
19:53:56;1431;0,3813;-;-
19:53:54;1430;0,4496;-;-
19:53:54;1429;0,2594;-;-
19:53:52;1428;0,3197;-;-
19:53:50;1427;0,3753;-;-
19:53:48;1426;0,5468;-;-
19:53:48;1425;0,5245;-;-
19:53:46;1424;0,2723;-;-
19:53:44;1423;0,4869;-;-
19:53:42;1422;0,3358;-;-
19:53:42;1421;0,4657;-;-
19:53:40;1420;0,3027;-;-
19:53:38;1419;0,597;-;-
19:53:36;1418;0,3565;-;-
19:53:36;1417;0,2824;-;-
19:53:34;1416;0,2832;-;-
19:53:32;1415;0,1983;-;-
19:53:30;1414;0,6473;-;-
19:53:30;1413;0,3591;-;-
19:53:28;1412;0,521;-;-
19:53:26;1411;0,3579;-;-
19:53:24;1410;0,6721;-;-
19:53:24;1409;0,4873;-;-
19:53:22;1408;0,3485;-;-
19:53:20;1407;0,2322;-;-
19:53:18;1406;0,2877;-;-
19:53:18;1405;0,4109;-;-
19:53:16;1404;0,3961;-;-
19:53:14;1403;0,4054;-;-
19:53:12;1402;0,2361;-;-
19:53:12;1401;0,2868;-;-
19:53:10;1400;0,2379;0,4326;-
19:53:08;1399;0,4721;-;-
19:53:06;1398;0,2233;-;-
19:53:04;1397;0,2815;-;-
19:53:04;1396;0,3332;-;-
19:53:02;1395;0,1734;-;-
19:53:00;1394;0,35;-;-
19:53:00;1393;0,4016;-;-
19:52:58;1392;1,3557;-;-
19:52:56;1391;0,4161;-;-
19:52:54;1390;0,3271;-;-
19:52:52;1389;0,3868;-;-
19:52:52;1388;0,206;-;-
19:52:50;1387;0,3493;-;-
19:52:48;1386;0,3719;-;-
19:52:48;1385;0,3167;-;-
19:52:46;1384;0,1621;-;-
19:52:44;1383;0,2572;-;-
19:52:42;1382;0,1449;-;-
19:52:42;1381;0,2974;-;-
19:52:40;1380;0,3306;-;-
19:52:38;1379;0,2912;-;-
19:52:36;1378;0,1935;-;-
19:52:36;1377;0,2893;-;-
19:52:34;1376;0,3561;-;-
19:52:31;1375;0,2075;-;-
19:52:29;1374;0,4967;-;-
19:52:29;1373;0,4311;-;-
19:52:27;1372;0,0963;-;-
19:52:25;1371;0,2446;-;-
19:52:23;1370;0,7788;-;-
19:52:23;1369;0,5152;-;-
19:52:21;1368;0,2338;-;-
19:52:19;1367;0,3398;-;-
19:52:17;1366;0,8708;-;-
19:52:17;1365;0,432;-;-
19:52:15;1364;0,2992;-;-
19:52:13;1363;0,2497;-;-
19:52:11;1362;0,1611;-;-
19:52:11;1361;0,3833;-;-
19:52:09;1360;0,2362;-;-
19:52:07;1359;0,1635;-;-
19:52:05;1358;0,3801;-;-
19:52:05;1357;0,3239;-;-
19:52:03;1356;0,167;-;-
19:52:01;1355;0,3955;-;-
19:51:59;1354;0,4398;-;-
19:51:59;1353;0,1921;-;-
19:51:57;1352;0,5542;-;-
19:51:55;1351;0,4823;-;-
19:51:53;1350;0,1641;-;-
19:51:53;1349;0,2324;-;-
19:51:51;1348;0,1775;-;-
19:51:49;1347;0,3845;-;-
19:51:47;1346;0,3904;-;-
19:51:47;1345;0,2931;-;-
19:51:45;1344;0,5383;-;-
19:51:43;1343;0,2066;-;-
19:51:41;1342;0,3208;-;-
19:51:41;1341;0,4065;-;-
19:51:39;1340;0,3739;-;-
19:51:37;1339;0,168;-;-
19:51:35;1338;0,327;-;-
19:51:35;1337;0,2444;-;-
19:51:33;1336;0,3514;-;-
19:51:31;1335;0,3199;-;-
19:51:29;1334;0,2877;-;-
19:51:29;1333;0,5625;-;-
19:51:27;1332;0,4175;-;-
19:51:25;1331;0,3286;-;-
19:51:23;1330;0,4724;-;-
19:51:23;1329;0,2711;-;-
19:51:21;1328;0,6305;-;-
19:51:19;1327;0,41;-;-
19:51:17;1326;0,687;-;-
19:51:17;1325;0,334;-;-
19:51:15;1324;0,4718;-;-
19:51:13;1323;0,2262;-;-
19:51:13;1322;0,3548;-;-
19:51:11;1321;0,4001;-;-
19:51:09;1320;0,219;-;-
19:51:07;1319;0,523;-;-
19:51:07;1318;0,2257;-;-
19:51:05;1317;0,4484;-;-
19:51:03;1316;0,6059;-;-
19:51:01;1315;0,3523;-;-
19:51:01;1314;0,4183;-;-
19:50:59;1313;0,3903;-;-
19:50:57;1312;0,5348;-;-
19:50:55;1311;0,2445;-;-
19:50:55;1310;0,1806;-;-
19:50:53;1309;0,7601;-;-
19:50:51;1308;0,2205;-;-
19:50:49;1307;0,3105;-;-
19:50:49;1306;0,2046;-;-
19:50:47;1305;0,2976;-;-
19:50:45;1304;0,3716;-;-
19:50:43;1303;0,1885;-;-
19:50:43;1302;0,4039;-;-
19:50:41;1301;0,2112;-;-
19:50:39;1300;0,2238;0,454;-
19:50:36;1299;0,4347;-;-
19:50:34;1298;0,6614;-;-
19:50:34;1297;0,4634;-;-
19:50:32;1296;0,4597;-;-
19:50:30;1295;0,1933;-;-
19:50:28;1294;0,5089;-;-
19:50:28;1293;0,5132;-;-
19:50:26;1292;0,6897;-;-
19:50:24;1291;0,3077;-;-
19:50:22;1290;0,5031;-;-
19:50:22;1289;0,4042;-;-
19:50:20;1288;0,4336;-;-
19:50:18;1287;0,671;-;-
19:50:16;1286;0,3209;-;-
19:50:16;1285;0,2507;-;-
19:50:14;1284;0,3589;-;-
19:50:12;1283;0,4794;-;-
19:50:10;1282;0,4108;-;-
19:50:10;1281;0,5365;-;-
19:50:08;1280;0,2258;-;-
19:50:06;1279;0,4138;-;-
19:50:04;1278;0,301;-;-
19:50:04;1277;0,292;-;-
19:50:02;1276;0,3618;-;-
19:50:00;1275;0,3398;-;-
19:49:58;1274;0,3909;-;-
19:49:58;1273;0,3963;-;-
19:49:56;1272;0,5413;-;-
19:49:54;1271;0,52;-;-
19:49:52;1270;0,1554;-;-
19:49:52;1269;0,5383;-;-
19:49:50;1268;0,1104;-;-
19:49:48;1267;0,4948;-;-
19:49:46;1266;0,4455;-;-
19:49:46;1265;0,6893;-;-
19:49:44;1264;0,3657;-;-
19:49:42;1263;0,3238;-;-
19:49:40;1262;0,484;-;-
19:49:40;1261;0,4378;-;-
19:49:38;1260;0,2545;-;-
19:49:36;1259;0,146;-;-
19:49:34;1258;0,343;-;-
19:49:32;1257;0,2668;-;-
19:49:32;1256;0,3855;-;-
19:49:30;1255;0,2159;-;-
19:49:28;1254;0,4288;-;-
19:49:26;1253;0,1897;-;-
19:49:26;1252;0,552;-;-
19:49:24;1251;0,424;-;-
19:49:22;1250;0,521;-;-
19:49:20;1249;0,3567;-;-
19:49:20;1248;0,2279;-;-
19:49:18;1247;0,4051;-;-
19:49:16;1246;0,6619;-;-
19:49:14;1245;0,2649;-;-
19:49:14;1244;0,3935;-;-
19:49:12;1243;0,1451;-;-
19:49:10;1242;0,5229;-;-
19:49:08;1241;0,6095;-;-
19:49:08;1240;0,4816;-;-
19:49:06;1239;0,5695;-;-
19:49:04;1238;0,4885;-;-
19:49:02;1237;0,4944;-;-
19:49:02;1236;0,5189;-;-
19:49:00;1235;0,4819;-;-
19:48:58;1234;0,1853;-;-
19:48:56;1233;0,4941;-;-
19:48:56;1232;0,3542;-;-
19:48:54;1231;1,0028;-;-
19:48:52;1230;0,3911;-;-
19:48:50;1229;0,3528;-;-
19:48:50;1228;0,3458;-;-
19:48:48;1227;0,3425;-;-
19:48:46;1226;0,2562;-;-
19:48:43;1225;0,3524;-;-
19:48:43;1224;0,3551;-;-
19:48:41;1223;0,3046;-;-
19:48:39;1222;0,607;-;-
19:48:37;1221;0,5157;-;-
19:48:37;1220;0,4023;-;-
19:48:35;1219;0,2315;-;-
19:48:33;1218;0,5333;-;-
19:48:31;1217;0,3546;-;-
19:48:31;1216;0,1269;-;-
19:48:29;1215;0,4197;-;-
19:48:27;1214;0,3832;-;-
19:48:25;1213;0,1794;-;-
19:48:25;1212;0,3236;-;-
19:48:23;1211;0,4839;-;-
19:48:21;1210;0,3971;-;-
19:48:19;1209;0,4896;-;-
19:48:19;1208;0,3852;-;-
19:48:17;1207;0,3833;-;-
19:48:15;1206;0,2317;-;-
19:48:13;1205;0,3138;-;-
19:48:13;1204;0,4466;-;-
19:48:11;1203;0,4707;-;-
19:48:09;1202;0,6485;-;-
19:48:07;1201;0,3364;-;-
19:48:07;1200;0,3083;0,5705;-
19:48:05;1199;0,231;-;-
19:48:03;1198;0,3642;-;-
19:48:01;1197;0,2916;-;-
19:47:59;1196;0,3109;-;-
19:47:59;1195;0,2915;-;-
19:47:57;1194;0,2166;-;-
19:47:55;1193;0,3067;-;-
19:47:53;1192;0,4281;-;-
19:47:53;1191;0,2041;-;-
19:47:51;1190;0,612;-;-
19:47:49;1189;0,7235;-;-
19:47:47;1188;0,4116;-;-
19:47:47;1187;0,3576;-;-
19:47:45;1186;0,4195;-;-
19:47:43;1185;0,2687;-;-
19:47:41;1184;0,2801;-;-
19:47:41;1183;0,2079;-;-
19:47:39;1182;0,3038;-;-
19:47:37;1181;0,7291;-;-
19:47:35;1180;0,2837;-;-
19:47:35;1179;0,8071;-;-
19:47:33;1178;0,251;-;-
19:47:31;1177;0,3684;-;-
19:47:31;1176;0,4533;-;-
19:47:29;1175;0,3693;-;-
19:47:27;1174;0,3083;-;-
19:47:25;1173;0,3091;-;-
19:47:25;1172;0,3857;-;-
19:47:23;1171;0,4872;-;-
19:47:21;1170;0,2434;-;-
19:47:19;1169;0,3306;-;-
19:47:19;1168;0,1593;-;-
19:47:17;1167;0,3211;-;-
19:47:15;1166;0,6976;-;-
19:47:13;1165;0,4169;-;-
19:47:13;1164;0,387;-;-
19:46:57;1163;0,4251;-;-
19:46:55;1162;0,4232;-;-
19:46:55;1161;0,2466;-;-
19:46:53;1160;0,5384;-;-
19:46:51;1159;0,4725;-;-
19:46:49;1158;0,2426;-;-
19:46:49;1157;0,2474;-;-
19:46:47;1156;0,4352;-;-
19:46:45;1155;0,3546;-;-
19:46:43;1154;0,1888;-;-
19:46:43;1153;0,3528;-;-
19:46:40;1152;0,4313;-;-
19:46:38;1151;0,6029;-;-
19:46:36;1150;0,3355;-;-
19:46:36;1149;0,4255;-;-
19:46:34;1148;0,3867;-;-
19:46:32;1147;0,3344;-;-
19:46:30;1146;0,4854;-;-
19:46:30;1145;0,4038;-;-
19:46:28;1144;0,322;-;-
19:46:26;1143;0,3179;-;-
19:46:26;1142;0,4108;-;-
19:46:24;1141;0,3993;-;-
19:46:22;1140;0,4245;-;-
19:46:20;1139;0,3461;-;-
19:46:18;1138;0,7616;-;-
19:46:18;1137;0,6223;-;-
19:46:16;1136;0,3089;-;-
19:46:14;1135;0,316;-;-
19:46:14;1134;0,3748;-;-
19:46:12;1133;0,3994;-;-
19:46:10;1132;0,2733;-;-
19:46:08;1131;0,4773;-;-
19:46:06;1130;0,4359;-;-
19:46:06;1129;0,4106;-;-
19:46:04;1128;0,5653;-;-
19:46:02;1127;0,3528;-;-
19:46:02;1126;0,525;-;-
19:46:00;1125;0,47;-;-
19:45:58;1124;0,3678;-;-
19:45:56;1123;0,3999;-;-
19:45:56;1122;0,1867;-;-
19:45:54;1121;0,5252;-;-
19:45:52;1120;0,4934;-;-
19:45:50;1119;0,4009;-;-
19:45:48;1118;0,3787;-;-
19:45:48;1117;0,2715;-;-
19:45:46;1116;0,4205;-;-
19:45:44;1115;0,3564;-;-
19:45:42;1114;0,3525;-;-
19:45:42;1113;0,261;-;-
19:45:40;1112;0,4845;-;-
19:45:38;1111;0,644;-;-
19:45:36;1110;0,4805;-;-
19:45:36;1109;0,5875;-;-
19:45:34;1108;0,6155;-;-
19:45:32;1107;0,3435;-;-
19:45:30;1106;0,4198;-;-
19:45:30;1105;0,3975;-;-
19:45:28;1104;0,1812;-;-
19:45:26;1103;0,3109;-;-
19:45:24;1102;0,3252;-;-
19:45:24;1101;0,3898;-;-
19:45:22;1100;0,5166;0,4128;-
19:45:20;1099;0,3504;-;-
19:45:18;1098;0,2283;-;-
19:45:16;1097;0,3118;-;-
19:45:16;1096;0,4204;-;-
19:45:14;1095;1,1128;-;-
19:45:12;1094;0,3562;-;-
19:45:10;1093;0,4468;-;-
19:45:10;1092;0,3223;-;-
19:45:08;1091;0,2345;-;-
19:45:06;1090;0,5309;-;-
19:45:04;1089;0,4201;-;-
19:45:04;1088;0,2617;-;-
19:45:02;1087;0,3631;-;-
19:45:00;1086;0,3406;-;-
19:44:58;1085;0,187;-;-
19:44:58;1084;0,3402;-;-
19:44:56;1083;0,6283;-;-
19:44:54;1082;0,185;-;-
19:44:52;1081;0,3548;-;-
19:44:52;1080;0,3781;-;-
19:44:50;1079;0,3856;-;-
19:44:48;1078;0,5931;-;-
19:44:46;1077;0,9748;-;-
19:44:44;1076;0,2309;-;-
19:44:44;1075;0,3526;-;-
19:44:41;1074;0,4925;-;-
19:44:39;1073;0,1983;-;-
19:44:37;1072;0,3897;-;-
19:44:37;1071;0,1428;-;-
19:44:35;1070;0,619;-;-
19:44:33;1069;0,157;-;-
19:44:31;1068;0,2926;-;-
19:44:31;1067;0,4526;-;-
19:44:29;1066;0,2055;-;-
19:44:27;1065;0,2832;-;-
19:44:25;1064;0,2001;-;-
19:44:25;1063;0,5446;-;-
19:44:23;1062;0,4602;-;-
19:44:21;1061;0,4431;-;-
19:44:19;1060;0,3023;-;-
19:44:19;1059;0,2044;-;-
19:44:17;1058;0,5021;-;-
19:44:15;1057;0,6006;-;-
19:44:13;1056;0,6233;-;-
19:44:13;1055;0,3999;-;-
19:44:11;1054;0,5349;-;-
19:44:09;1053;0,1562;-;-
19:44:07;1052;0,399;-;-
19:44:07;1051;0,3437;-;-
19:44:05;1050;0,2835;-;-
19:44:03;1049;0,4678;-;-
19:44:01;1048;0,5493;-;-
19:44:01;1047;0,2434;-;-
19:43:59;1046;0,5668;-;-
19:43:57;1045;0,518;-;-
19:43:55;1044;0,2888;-;-
19:43:55;1043;0,5587;-;-
19:43:53;1042;0,2132;-;-
19:43:51;1041;0,2178;-;-
19:43:49;1040;0,4736;-;-
19:43:49;1039;1,5024;-;-
19:43:47;1038;0,5706;-;-
19:43:45;1037;0,1278;-;-
19:43:43;1036;0,3433;-;-
19:43:43;1035;0,6754;-;-
19:43:41;1034;0,4709;-;-
19:43:39;1033;0,2763;-;-
19:43:37;1032;0,2263;-;-
19:43:37;1031;0,2699;-;-
19:43:35;1030;0,4569;-;-
19:43:33;1029;0,3844;-;-
19:43:31;1028;0,3225;-;-
19:43:31;1027;0,2027;-;-
19:43:29;1026;0,2629;-;-
19:43:27;1025;0,7635;-;-
19:43:25;1024;0,4781;-;-
19:43:25;1023;0,4837;-;-
19:43:23;1022;0,3454;-;-
19:43:21;1021;0,2929;-;-
19:43:19;1020;0,4998;-;-
19:43:19;1019;0,2918;-;-
19:43:17;1018;0,443;-;-
19:43:15;1017;0,4928;-;-
19:43:13;1016;0,6059;-;-
19:43:13;1015;0,4398;-;-
19:43:11;1014;0,4666;-;-
19:43:09;1013;0,5313;-;-
19:43:07;1012;0,565;-;-
19:43:07;1011;0,7374;-;-
19:43:05;1010;0,5705;-;-
19:43:03;1009;0,4416;-;-
19:43:01;1008;0,3723;-;-
19:43:01;1007;0,3794;-;-
19:42:59;1006;0,4171;-;-
19:42:57;1005;0,3407;-;-
19:42:55;1004;0,2486;-;-
19:42:55;1003;0,4355;-;-
19:42:53;1002;0,3609;-;-
19:42:51;1001;0,3367;-;-
19:42:49;1000;0,5309;0,6366;-
19:42:49;999;0,2197;-;-
19:42:46;998;0,3128;-;-
19:42:44;997;0,203;-;-
19:42:42;996;0,4243;-;-
19:42:40;995;0,4478;-;-
19:42:40;994;0,3867;-;-
19:42:38;993;0,5149;-;-
19:42:36;992;0,4216;-;-
19:42:34;991;0,3125;-;-
19:42:34;990;0,5046;-;-
19:42:32;989;0,5821;-;-
19:42:30;988;0,2657;-;-
19:42:28;987;0,2278;-;-
19:42:28;986;0,2712;-;-
19:42:26;985;0,3182;-;-
19:42:24;984;0,414;-;-
19:42:22;983;0,4811;-;-
19:42:20;982;0,3321;-;-
19:42:20;981;0,2238;-;-
19:42:18;980;0,2737;-;-
19:42:16;979;0,5187;-;-
19:42:14;978;0,4303;-;-
19:42:14;977;0,2038;-;-
19:42:12;976;0,2102;-;-
19:42:10;975;0,1755;-;-
19:42:08;974;0,3083;-;-
19:42:08;973;0,548;-;-
19:42:06;972;0,3467;-;-
19:42:04;971;0,801;-;-
19:42:02;970;0,6447;-;-
19:42:02;969;0,2668;-;-
19:42:00;968;0,1763;-;-
19:41:58;967;0,4252;-;-
19:41:56;966;0,3348;-;-
19:41:56;965;0,4563;-;-
19:41:54;964;0,3507;-;-
19:41:52;963;0,4198;-;-
19:41:50;962;0,6355;-;-
19:41:50;961;0,8596;-;-
19:41:48;960;0,1906;-;-
19:41:46;959;0,4912;-;-
19:41:44;958;0,2069;-;-
19:41:44;957;0,2744;-;-
19:41:42;956;0,5587;-;-
19:41:40;955;0,5674;-;-
19:41:38;954;0,4752;-;-
19:41:38;953;0,3795;-;-
19:41:36;952;0,2204;-;-
19:41:34;951;0,5841;-;-
19:41:32;950;0,5499;-;-
19:41:32;949;0,2187;-;-
19:41:30;948;0,1616;-;-
19:41:28;947;0,5286;-;-
19:41:26;946;0,1464;-;-
19:41:26;945;0,2882;-;-
19:41:24;944;0,2657;-;-
19:41:22;943;0,7756;-;-
19:41:20;942;0,3849;-;-
19:41:20;941;0,3953;-;-
19:41:18;940;0,8572;-;-
19:41:16;939;0,4619;-;-
19:41:14;938;0,2954;-;-
19:41:14;937;0,4039;-;-
19:41:12;936;0,3355;-;-
19:41:10;935;0,234;-;-
19:41:08;934;0,2889;-;-
19:41:08;933;0,4072;-;-
19:41:06;932;0,3224;-;-
19:41:04;931;0,5765;-;-
19:41:02;930;0,3078;-;-
19:41:02;929;0,4343;-;-
19:41:00;928;0,1932;-;-
19:40:58;927;0,2885;-;-
19:40:56;926;0,3138;-;-
19:40:56;925;0,462;-;-
19:40:54;924;0,4325;-;-
19:40:52;923;0,5914;-;-
19:40:49;922;0,2619;-;-
19:40:49;921;0,3288;-;-
19:40:47;920;0,2701;-;-
19:40:45;919;0,2848;-;-
19:40:43;918;0,3077;-;-
19:40:43;917;0,6646;-;-
19:40:41;916;0,3664;-;-
19:40:39;915;0,2453;-;-
19:40:37;914;0,3986;-;-
19:40:37;913;0,4932;-;-
19:40:35;912;0,2921;-;-
19:40:33;911;0,3295;-;-
19:40:31;910;0,1861;-;-
19:40:31;909;0,366;-;-
19:40:29;908;0,2354;-;-
19:40:27;907;0,7362;-;-
19:40:25;906;0,318;-;-
19:40:25;905;0,2841;-;-
19:40:23;904;0,3311;-;-
19:40:21;903;0,596;-;-
19:40:19;902;0,5098;-;-
19:40:19;901;0,3215;-;-
19:40:17;900;0,3593;0,3828;-
19:40:15;899;0,1377;-;-
19:40:13;898;0,4379;-;-
19:40:11;897;0,3573;-;-
19:40:11;896;0,52;-;-
19:40:09;895;0,2975;-;-
19:40:07;894;0,2946;-;-
19:40:05;893;0,6277;-;-
19:40:05;892;0,4879;-;-
19:40:03;891;0,4979;-;-
19:40:01;890;0,4675;-;-
19:39:59;889;0,5763;-;-
19:39:59;888;0,4541;-;-
19:39:57;887;0,2045;-;-
19:39:55;886;0,249;-;-
19:39:53;885;0,1747;-;-
19:39:53;884;0,2392;-;-
19:39:51;883;0,5421;-;-
19:39:49;882;0,3394;-;-
19:39:47;881;0,1889;-;-
19:39:47;880;0,2985;-;-
19:39:45;879;0,2087;-;-
19:39:43;878;0,4002;-;-
19:39:41;877;0,4803;-;-
19:39:41;876;0,3628;-;-
19:39:39;875;0,3582;-;-
19:39:37;874;0,2453;-;-
19:39:35;873;0,3977;-;-
19:39:35;872;0,3377;-;-
19:39:33;871;0,1594;-;-
19:39:31;870;0,362;-;-
19:39:29;869;0,1398;-;-
19:39:29;868;0,2252;-;-
19:39:27;867;0,2905;-;-
19:39:25;866;0,4771;-;-
19:39:23;865;0,5495;-;-
19:39:23;864;0,2547;-;-
19:39:21;863;0,1545;-;-
19:39:19;862;0,3061;-;-
19:39:17;861;0,3841;-;-
19:39:17;860;0,3977;-;-
19:39:15;859;0,2844;-;-
19:39:13;858;0,6061;-;-
19:39:11;857;0,4098;-;-
19:39:11;856;0,3914;-;-
19:39:09;855;0,3562;-;-
19:39:07;854;0,2182;-;-
19:39:05;853;0,3933;-;-
19:39:05;852;0,3126;-;-
19:39:03;851;0,1868;-;-
19:39:01;850;0,3385;-;-
19:38:59;849;0,4771;-;-
19:38:59;848;0,4021;-;-
19:38:57;847;0,3789;-;-
19:38:55;846;0,4963;-;-
19:38:53;845;0,4534;-;-
19:38:52;844;0,5906;-;-
19:38:50;843;0,3764;-;-
19:38:48;842;0,2515;-;-
19:38:46;841;0,3142;-;-
19:38:46;840;0,2824;-;-
19:38:44;839;0,5803;-;-
19:38:42;838;0,4758;-;-
19:38:40;837;0,2336;-;-
19:38:40;836;0,2293;-;-
19:38:38;835;0,3982;-;-
19:38:36;834;0,4675;-;-
19:38:34;833;0,3368;-;-
19:38:34;832;0,474;-;-
19:38:32;831;0,3948;-;-
19:38:30;830;0,244;-;-
19:38:28;829;0,3099;-;-
19:38:28;828;0,4359;-;-
19:38:26;827;0,3407;-;-
19:38:24;826;0,239;-;-
19:38:22;825;1,084;-;-
19:38:22;824;0,6172;-;-
19:38:20;823;0,402;-;-
19:38:18;822;0,5099;-;-
19:38:18;821;0,2812;-;-
19:38:16;820;0,2972;-;-
19:38:14;819;0,2534;-;-
19:38:12;818;0,3732;-;-
19:38:12;817;0,5185;-;-
19:38:10;816;0,4513;-;-
19:38:08;815;0,2502;-;-
19:38:06;814;0,5077;-;-
19:38:06;813;0,2618;-;-
19:38:04;812;0,1825;-;-
19:38:02;811;0,5921;-;-
19:38:00;810;0,4043;-;-
19:38:00;809;0,5138;-;-
19:37:58;808;0,4627;-;-
19:37:56;807;0,2556;-;-
19:37:54;806;0,4132;-;-
19:37:54;805;0,6695;-;-
19:37:52;804;0,6354;-;-
19:37:50;803;0,3889;-;-
19:37:48;802;0,3091;-;-
19:37:48;801;0,3639;-;-
19:37:46;800;0,4507;0,5228;-
19:37:44;799;0,4114;-;-
19:37:42;798;0,522;-;-
19:37:40;797;0,7525;-;-
19:37:40;796;0,5342;-;-
19:37:38;795;0,1635;-;-
19:37:36;794;0,2136;-;-
19:37:34;793;0,3601;-;-
19:37:34;792;0,3308;-;0,3494
19:36:50;791;0,365;-;-
19:36:48;790;0,2194;-;-
19:36:48;789;0,3247;-;-
19:36:46;788;0,5114;-;-
19:36:44;787;0,4064;-;-
19:36:41;786;0,6762;-;-
19:36:41;785;0,1939;-;-
19:36:39;784;0,477;-;-
19:36:37;783;0,3579;-;-
19:36:35;782;0,7033;-;-
19:36:35;781;0,6671;-;-
19:36:33;780;0,3229;-;-
19:36:31;779;0,3058;-;-
19:36:31;778;0,5372;-;-
19:36:29;777;0,4823;-;-
19:36:27;776;0,5766;-;-
19:36:25;775;0,5627;-;-
19:36:25;774;0,5209;-;-
19:36:23;773;0,641;-;-
19:36:21;772;0,52;-;-
19:36:19;771;0,6962;-;-
19:36:19;770;0,6299;-;-
19:36:17;769;0,2096;-;-
19:36:15;768;0,2638;-;-
19:36:13;767;0,4062;-;-
19:36:13;766;0,473;-;-
19:36:11;765;0,3156;-;-
19:36:09;764;0,4169;-;-
19:36:07;763;0,2256;-;-
19:36:07;762;0,4305;-;-
19:36:05;761;0,4161;-;-
19:36:03;760;0,6528;-;-
19:36:01;759;0,5445;-;-
19:36:01;758;0,4585;-;-
19:35:59;757;0,439;-;-
19:35:57;756;0,8127;-;-
19:35:57;755;0,3107;-;-
19:35:55;754;0,3669;-;-
19:35:53;753;0,8051;-;-
19:35:51;752;0,4372;-;-
19:35:51;751;0,3565;-;-
19:35:49;750;0,451;-;-
19:35:47;749;0,3551;-;-
19:35:45;748;0,3581;-;-
19:35:45;747;0,6827;-;-
19:35:43;746;0,6053;-;-
19:35:41;745;0,1906;-;-
19:35:39;744;0,4011;-;-
19:35:39;743;1,0115;-;-
19:35:37;742;0,3723;-;-
19:35:35;741;0,6164;-;-
19:35:33;740;0,4375;-;-
19:35:33;739;0,4788;-;-
19:35:31;738;0,3544;-;-
19:35:29;737;0,3118;-;-
19:35:27;736;0,4571;-;-
19:35:27;735;0,3214;-;-
19:35:25;734;0,3099;-;-
19:35:23;733;0,5288;-;-
19:35:21;732;0,6514;-;-
19:35:21;731;0,3219;-;-
19:35:19;730;0,2511;-;-
19:35:17;729;0,3793;-;-
19:35:15;728;0,544;-;-
19:35:15;727;0,4572;-;-
19:35:13;726;0,3643;-;-
19:35:11;725;0,5089;-;-
19:35:09;724;0,461;-;-
19:35:09;723;0,5964;-;-
19:35:07;722;0,2308;-;-
19:35:05;721;0,1948;-;-
19:35:03;720;0,1806;-;-
19:35:03;719;0,4144;-;-
19:35:01;718;0,3447;-;-
19:34:59;717;0,3867;-;-
19:34:57;716;0,2264;-;-
19:34:57;715;0,3219;-;-
19:34:55;714;0,3187;-;-
19:34:53;713;0,6234;-;-
19:34:51;712;0,444;-;-
19:34:51;711;0,2574;-;-
19:34:49;710;0,4641;-;-
19:34:47;709;0,4989;-;-
19:34:45;708;0,2497;-;-
19:34:45;707;0,2959;-;-
19:34:43;706;0,5433;-;-
19:34:40;705;1,2157;-;-
19:34:38;704;0,3857;-;-
19:34:38;703;0,4629;-;-
19:34:36;702;0,5605;-;-
19:34:34;701;0,6868;-;-
19:34:32;700;0,2303;0,5207;-
19:34:32;699;0,2582;-;-
19:34:30;698;0,3307;-;-
19:34:28;697;0,439;-;-
19:34:26;696;0,2661;-;-
19:34:24;695;0,6872;-;-
19:34:24;694;0,3758;-;-
19:34:22;693;0,7874;-;-
19:34:20;692;0,3435;-;-
19:34:18;691;0,4815;-;-
19:34:18;690;0,4625;-;-
19:34:16;689;0,2733;-;-
19:34:14;688;0,7073;-;-
19:34:12;687;0,5043;-;-
19:34:12;686;0,405;-;-
19:34:10;685;0,3393;-;-
19:34:08;684;0,4964;-;-
19:34:06;683;0,5253;-;-
19:34:06;682;0,3538;-;-
19:34:04;681;0,3454;-;-
19:34:02;680;0,6272;-;-
19:34:00;679;0,2679;-;-
19:34:00;678;0,5049;-;-
19:33:58;677;0,5284;-;-
19:33:56;676;0,5454;-;-
19:33:54;675;0,3658;-;-
19:33:54;674;0,3276;-;-
19:33:52;673;0,3328;-;-
19:33:50;672;0,5534;-;-
19:33:48;671;0,5144;-;-
19:33:48;670;0,5563;-;-
19:33:46;669;0,43;-;-
19:33:44;668;0,4834;-;-
19:33:42;667;0,2253;-;-
19:33:42;666;0,3503;-;-
19:33:40;665;0,4525;-;-
19:33:38;664;0,6255;-;-
19:33:36;663;0,3895;-;-
19:33:36;662;0,3577;-;-
19:33:34;661;0,5087;-;-
19:33:32;660;0,6544;-;-
19:33:30;659;0,3142;-;-
19:33:30;658;0,4574;-;-
19:33:28;657;0,1974;-;-
19:33:26;656;0,5349;-;-
19:33:24;655;0,2437;-;-
19:33:24;654;0,3074;-;-
19:33:22;653;0,4753;-;-
19:33:20;652;0,9769;-;-
19:33:18;651;0,5373;-;-
19:33:18;650;0,437;-;-
19:33:16;649;0,4546;-;-
19:33:14;648;0,8765;-;-
19:33:12;647;0,3357;-;-
19:33:12;646;0,7825;-;-
19:33:10;645;0,4558;-;-
19:33:08;644;0,3709;-;-
19:33:08;643;0,2773;-;-
19:33:06;642;0,5928;-;-
19:33:04;641;0,5243;-;-
19:33:02;640;0,2662;-;-
19:33:02;639;0,3484;-;-
19:33:00;638;0,298;-;-
19:32:58;637;0,4195;-;-
19:32:56;636;0,2971;-;-
19:32:56;635;0,517;-;-
19:32:54;634;0,2747;-;-
19:32:52;633;0,6359;-;-
19:32:50;632;0,6628;-;-
19:32:50;631;0,3305;-;-
19:32:48;630;0,7845;-;-
19:32:46;629;0,3898;-;-
19:32:44;628;0,7697;-;-
19:32:44;627;0,5462;-;-
19:32:42;626;0,3702;-;-
19:32:39;625;0,7896;-;-
19:32:39;624;0,4511;-;-
19:32:37;623;0,2998;-;-
19:32:35;622;0,2228;-;-
19:32:33;621;0,6041;-;-
19:32:33;620;0,3882;-;-
19:32:31;619;0,5351;-;-
19:32:29;618;0,3003;-;-
19:32:27;617;0,2927;-;-
19:32:27;616;0,3089;-;-
19:32:25;615;0,4447;-;-
19:32:23;614;0,3406;-;-
19:32:21;613;0,3416;-;-
19:32:21;612;0,9128;-;-
19:32:19;611;0,556;-;-
19:32:17;610;0,5388;-;-
19:32:17;609;0,5899;-;-
19:32:15;608;0,5026;-;-
19:32:13;607;0,2732;-;-
19:32:11;606;0,524;-;-
19:32:11;605;0,3801;-;-
19:31:57;604;0,6042;-;-
19:31:55;603;0,3548;-;-
19:31:53;602;0,3636;-;-
19:31:53;601;0,3607;-;-
19:31:51;600;0,3568;0,2992;-
19:31:49;599;0,4625;-;-
19:31:47;598;0,3468;-;-
19:31:47;597;0,3914;-;-
19:31:45;596;0,4328;-;-
19:31:43;595;0,3916;-;-
19:31:41;594;0,1711;-;-
19:31:41;593;0,6238;-;-
19:31:39;592;0,2;-;-
19:31:37;591;0,2987;-;-
19:31:35;590;0,5126;-;-
19:31:35;589;0,1806;-;-
19:31:33;588;0,4375;-;-
19:31:31;587;0,47;-;-
19:31:29;586;0,2298;-;-
19:31:29;585;0,5876;-;-
19:31:27;584;0,343;-;-
19:31:25;583;0,2793;-;-
19:31:25;582;0,5569;-;-
19:31:23;581;0,2957;-;-
19:31:21;580;0,319;-;-
19:31:19;579;0,4267;-;-
19:31:19;578;0,5689;-;-
19:31:17;577;0,4531;-;-
19:31:15;576;0,4984;-;-
19:31:13;575;0,32;-;-
19:31:13;574;0,5583;-;-
19:31:11;573;0,4148;-;-
19:31:09;572;0,7999;-;-
19:31:07;571;0,5526;-;-
19:31:07;570;0,5829;-;-
19:31:05;569;0,2763;-;-
19:31:03;568;0,7035;-;-
19:31:03;567;0,3636;-;-
19:31:01;566;0,4599;-;-
19:30:59;565;0,3449;-;-
19:30:57;564;0,4067;-;-
19:30:57;563;0,2749;-;-
19:30:55;562;0,7878;-;-
19:30:53;561;0,5002;-;-
19:30:51;560;0,4009;-;-
19:30:51;559;0,4809;-;-
19:30:49;558;0,6979;-;-
19:30:47;557;0,3446;-;-
19:30:46;556;0,5552;-;-
19:30:44;555;0,4636;-;-
19:30:42;554;0,6489;-;-
19:30:40;553;0,8167;-;-
19:30:40;552;0,2439;-;-
19:30:38;551;0,5242;-;-
19:30:36;550;0,436;-;-
19:30:34;549;0,5074;-;-
19:30:34;548;0,2284;-;-
19:30:32;547;0,2698;-;-
19:30:30;546;0,362;-;-
19:30:28;545;0,3178;-;-
19:30:28;544;0,9912;-;-
19:30:26;543;0,5498;-;-
19:30:24;542;0,519;-;-
19:30:22;541;0,4549;-;-
19:30:22;540;0,4566;-;-
19:30:20;539;0,9852;-;-
19:30:18;538;0,5562;-;-
19:30:16;537;0,6137;-;-
19:30:16;536;0,6469;-;-
19:30:14;535;0,3022;-;-
19:30:12;534;0,5132;-;-
19:30:10;533;1,0786;-;-
19:30:10;532;0,3053;-;-
19:30:08;531;0,4584;-;-
19:30:06;530;0,7129;-;-
19:30:04;529;0,6772;-;-
19:30:04;528;0,5702;-;-
19:30:02;527;0,6627;-;-
19:30:00;526;0,5168;-;-
19:30:00;525;0,3894;-;-
19:29:58;524;0,3378;-;-
19:29:56;523;0,6901;-;-
19:29:54;522;0,4562;-;-
19:29:54;521;0,3653;-;-
19:29:52;520;0,4269;-;-
19:29:50;519;0,3457;-;-
19:29:48;518;0,4;-;-
19:29:48;517;0,3395;-;-
19:29:46;516;0,5143;-;-
19:29:44;515;0,9351;-;-
19:29:42;514;0,5328;-;-
19:29:42;513;0,357;-;-
19:29:40;512;0,6442;-;-
19:29:38;511;0,3637;-;-
19:29:38;510;0,6219;-;-
19:29:36;509;0,6519;-;-
19:29:34;508;0,3895;-;-
19:29:32;507;1,2113;-;-
19:29:32;506;0,287;-;-
19:29:30;505;0,4514;-;-
19:29:28;504;0,4633;-;-
19:29:26;503;0,6261;-;-
19:29:26;502;0,3029;-;-
19:29:24;501;0,5433;-;-
19:29:22;500;0,574;0,3497;-
19:29:20;499;0,3534;-;-
19:29:20;498;0,4407;-;-
19:29:18;497;0,5125;-;-
19:29:16;496;0,5762;-;-
19:29:14;495;0,4088;-;-
19:29:14;494;0,5984;-;-
19:29:12;493;0,5848;-;-
19:29:10;492;0,8465;-;-
19:29:08;491;0,5624;-;-
19:29:08;490;0,6401;-;-
19:29:06;489;0,2605;-;-
19:29:04;488;0,4869;-;-
19:29:02;487;0,5817;-;-
19:29:02;486;0,4971;-;-
19:29:00;485;0,5111;-;-
19:28:58;484;0,5666;-;-
19:28:57;483;0,3969;-;-
19:28:55;482;0,3785;-;-
19:28:53;481;0,2863;-;-
19:28:51;480;0,4479;-;-
19:28:51;479;0,4279;-;-
19:28:49;478;0,4879;-;-
19:28:47;477;0,2631;-;-
19:28:45;476;0,3176;-;-
19:28:45;475;1,5198;-;-
19:28:43;474;0,2291;-;-
19:28:41;473;0,4367;-;-
19:28:39;472;0,5599;-;-
19:28:39;471;0,5025;-;-
19:28:37;470;0,6947;-;-
19:28:35;469;0,4722;-;-
19:28:35;468;0,5419;-;-
19:28:33;467;0,2129;-;-
19:28:31;466;0,5984;-;-
19:28:29;465;0,5562;-;-
19:28:29;464;0,5966;-;-
19:28:27;463;0,3531;-;-
19:28:25;462;0,2817;-;-
19:28:23;461;0,3195;-;-
19:28:23;460;1,9085;-;-
19:28:21;459;0,4656;-;-
19:28:19;458;0,3177;-;-
19:28:17;457;0,7738;-;-
19:28:15;456;0,5685;-;-
19:28:13;455;0,4408;-;-
19:28:11;454;0,2638;-;-
19:28:11;453;0,3012;-;-
19:28:09;452;0,3199;-;-
19:28:07;451;0,3773;-;-
19:28:05;450;0,5178;-;-
19:28:05;449;0,2882;-;-
19:28:03;448;0,4037;-;-
19:28:01;447;0,4545;-;-
19:27:59;446;0,3351;-;-
19:27:59;445;0,5619;-;-
19:27:57;444;0,5573;-;-
19:27:55;443;0,2584;-;-
19:27:53;442;0,9364;-;-
19:27:53;441;0,5012;-;-
19:27:51;440;0,4974;-;-
19:27:49;439;0,522;-;-
19:27:49;438;0,3296;-;-
19:27:47;437;0,4345;-;-
19:27:45;436;0,7141;-;-
19:27:43;435;0,6036;-;-
19:27:43;434;0,5319;-;-
19:27:41;433;0,3092;-;-
19:27:39;432;0,4403;-;-
19:27:37;431;0,5543;-;-
19:27:37;430;0,4928;-;-
19:27:35;429;0,538;-;-
19:27:33;428;0,7105;-;-
19:27:31;427;0,537;-;-
19:27:31;426;0,4009;-;-
19:27:29;425;0,6777;-;-
19:27:27;424;0,409;-;-
19:27:25;423;0,5653;-;-
19:27:25;422;0,9086;-;-
19:27:23;421;0,2138;-;-
19:27:21;420;0,4025;-;-
19:27:21;419;0,3926;-;-
19:27:19;418;0,5313;-;-
19:27:17;417;0,5288;-;-
19:27:15;416;0,3772;-;-
19:27:15;415;0,5988;-;-
19:27:13;414;0,4546;-;-
19:27:11;413;0,4227;-;-
19:27:09;412;0,695;-;-
19:27:09;411;0,6619;-;-
19:27:07;410;0,4598;-;-
19:27:05;409;0,2471;-;-
19:27:03;408;0,5151;-;-
19:27:03;407;0,2613;-;-
19:27:00;406;0,393;-;-
19:26:58;405;0,5726;-;-
19:26:56;404;0,3426;-;-
19:26:56;403;0,3298;-;-
19:26:54;402;0,4276;-;-
19:26:52;401;0,3634;-;-
19:26:50;400;0,657;0,3339;-
19:26:50;399;0,3536;-;-
19:26:48;398;0,5917;-;-
19:26:46;397;0,2785;-;-
19:26:44;396;0,6923;-;-
19:26:44;395;0,5013;-;-
19:26:42;394;0,5294;-;-
19:26:40;393;0,2832;-;-
19:26:38;392;0,7753;-;-
19:26:38;391;0,4307;-;-
19:26:36;390;0,4511;-;-
19:26:34;389;0,4389;-;-
19:26:32;388;0,5329;-;-
19:26:32;387;0,6915;-;-
19:26:30;386;0,6493;-;-
19:26:28;385;0,6671;-;-
19:26:26;384;0,6239;-;-
19:26:26;383;0,2665;-;-
19:26:24;382;0,4345;-;-
19:26:22;381;0,3952;-;-
19:26:22;380;0,2857;-;-
19:26:20;379;0,4651;-;-
19:26:18;378;0,5831;-;-
19:26:16;377;0,5375;-;-
19:26:16;376;0,3673;-;-
19:26:14;375;0,3017;-;-
19:26:12;374;0,5317;-;-
19:26:10;373;0,4711;-;-
19:26:10;372;0,2748;-;-
19:26:08;371;0,7713;-;-
19:26:06;370;0,4016;-;-
19:26:04;369;0,344;-;-
19:26:04;368;0,5968;-;-
19:26:02;367;0,7583;-;-
19:26:00;366;0,3827;-;-
19:25:58;365;0,4469;-;-
19:25:58;364;0,6448;-;-
19:25:56;363;0,5372;-;-
19:25:54;362;0,5561;-;-
19:25:54;361;0,3792;-;-
19:25:52;360;0,3394;-;-
19:25:50;359;0,2989;-;-
19:25:48;358;0,5331;-;-
19:25:48;357;0,6691;-;-
19:25:46;356;0,6397;-;-
19:25:44;355;0,4243;-;-
19:25:42;354;0,3043;-;-
19:25:42;353;0,6728;-;-
19:25:40;352;0,7512;-;-
19:25:38;351;0,3976;-;-
19:25:36;350;0,4113;-;-
19:25:36;349;0,7321;-;-
19:25:34;348;0,4703;-;-
19:25:32;347;0,8005;-;-
19:25:30;346;0,4066;-;-
19:25:30;345;0,4053;-;-
19:25:28;344;0,7768;-;-
19:25:26;343;0,509;-;-
19:25:24;342;0,2574;-;-
19:25:24;341;0,6097;-;-
19:25:22;340;0,6492;-;-
19:25:20;339;0,4731;-;-
19:25:20;338;0,3802;-;-
19:25:18;337;0,6378;-;-
19:25:16;336;0,3089;-;-
19:25:14;335;0,3602;-;-
19:25:14;334;0,3728;-;-
19:25:12;333;0,7408;-;-
19:25:10;332;0,5493;-;-
19:25:08;331;0,3716;-;-
19:25:07;330;0,8727;-;-
19:25:05;329;0,5477;-;-
19:25:03;328;0,4839;-;-
19:25:01;327;0,5241;-;-
19:25:01;326;0,6017;-;-
19:24:59;325;0,5933;-;-
19:24:57;324;0,456;-;-
19:24:55;323;0,6207;-;-
19:24:55;322;0,4471;-;-
19:24:53;321;0,6476;-;-
19:24:51;320;0,4311;-;-
19:24:49;319;0,5915;-;-
19:24:49;318;0,4768;-;-
19:24:47;317;0,7386;-;-
19:24:45;316;0,3665;-;-
19:24:45;315;1,0318;-;-
19:24:43;314;0,475;-;-
19:24:41;313;1,2235;-;-
19:24:39;312;0,4355;-;-
19:24:39;311;0,4752;-;-
19:24:37;310;0,5487;-;-
19:24:35;309;0,7526;-;-
19:24:33;308;0,3295;-;-
19:24:33;307;0,242;-;-
19:24:31;306;0,3476;-;-
19:24:29;305;0,6064;-;-
19:24:27;304;0,5716;-;-
19:24:27;303;0,7273;-;-
19:24:25;302;0,643;-;-
19:24:23;301;0,5344;-;-
19:24:23;300;0,5886;0,3314;-
19:24:21;299;0,4095;-;-
19:24:19;298;0,3369;-;-
19:24:17;297;0,3;-;-
19:24:15;296;0,3493;-;-
19:24:15;295;0,4941;-;-
19:24:13;294;0,4552;-;-
19:24:11;293;0,3013;-;-
19:24:09;292;0,6068;-;-
19:24:09;291;0,2939;-;-
19:24:07;290;0,5468;-;-
19:24:05;289;0,6844;-;-
19:24:05;288;0,6272;-;-
19:24:03;287;0,4969;-;-
19:24:01;286;0,3216;-;-
19:23:59;285;0,4989;-;-
19:23:59;284;0,4455;-;-
19:23:57;283;0,626;-;-
19:23:55;282;0,4316;-;-
19:23:53;281;0,6674;-;-
19:23:53;280;0,6404;-;-
19:23:51;279;0,3713;-;-
19:23:49;278;0,4653;-;-
19:23:47;277;0,5107;-;-
19:23:47;276;0,4622;-;-
19:23:45;275;0,528;-;-
19:23:43;274;0,4606;-;-
19:23:41;273;0,3316;-;-
19:23:41;272;0,6931;-;-
19:23:39;271;0,7033;-;-
19:23:37;270;0,4272;-;-
19:23:35;269;0,7824;-;-
19:23:35;268;0,5801;-;-
19:23:33;267;0,4989;-;-
19:23:31;266;0,5429;-;-
19:23:29;265;0,5447;-;-
19:23:29;264;0,4576;-;-
19:23:27;263;0,5046;-;-
19:23:25;262;0,3861;-;-
19:23:23;261;0,7673;-;-
19:23:23;260;0,5417;-;-
19:23:21;259;0,4386;-;-
19:23:19;258;0,4743;-;-
19:23:19;257;0,485;-;-
19:23:17;256;0,7864;-;-
19:23:15;255;0,5122;-;-
19:23:13;254;0,5009;-;-
19:23:12;253;0,4519;-;-
19:23:10;252;0,3933;-;-
19:23:08;251;0,677;-;-
19:23:06;250;0,5022;-;-
19:23:06;249;0,6146;-;-
19:23:04;248;0,5994;-;-
19:23:02;247;0,5815;-;-
19:23:00;246;0,4012;-;-
19:23:00;245;0,5146;-;-
19:22:58;244;0,3281;-;-
19:22:56;243;0,5898;-;-
19:22:56;242;0,5752;-;-
19:22:54;241;0,5348;-;-
19:22:52;240;0,3762;-;-
19:22:50;239;0,4564;-;-
19:22:50;238;0,562;-;-
19:22:48;237;0,591;-;-
19:22:46;236;0,5175;-;-
19:22:44;235;0,3114;-;-
19:22:44;234;0,6271;-;-
19:22:42;233;0,3014;-;-
19:22:40;232;0,4614;-;-
19:22:38;231;0,6689;-;-
19:22:38;230;0,7925;-;-
19:22:36;229;0,6064;-;-
19:22:34;228;0,5657;-;-
19:22:32;227;0,3852;-;-
19:22:32;226;0,4023;-;-
19:22:30;225;0,4066;-;-
19:22:28;224;0,4629;-;-
19:22:26;223;0,3517;-;-
19:22:26;222;0,581;-;-
19:22:24;221;0,3877;-;-
19:22:22;220;1,0126;-;-
19:22:20;219;0,7236;-;-
19:22:20;218;0,3271;-;-
19:22:18;217;0,3292;-;-
19:22:16;216;0,3091;-;-
19:22:14;215;0,4836;-;-
19:22:14;214;0,848;-;-
19:22:12;213;0,6034;-;-
19:22:10;212;0,4475;-;-
19:22:08;211;0,7056;-;-
19:22:08;210;0,4957;-;-
19:22:06;209;0,729;-;-
19:22:04;208;0,5163;-;-
19:22:02;207;1,018;-;-
19:22:02;206;0,4129;-;-
19:22:00;205;0,5634;-;-
19:21:58;204;0,6456;-;-
19:21:56;203;0,4998;-;-
19:21:56;202;0,6709;-;-
19:21:54;201;0,9918;-;-
19:21:52;200;0,6986;0,5527;-
19:21:52;199;0,2947;-;-
19:21:50;198;0,4963;-;-
19:21:48;197;0,7482;-;-
19:21:46;196;0,4022;-;-
19:21:44;195;0,3101;-;-
19:21:44;194;0,583;-;-
19:21:42;193;0,5078;-;-
19:21:40;192;0,3708;-;-
19:21:38;191;0,4788;-;-
19:21:38;190;0,2826;-;-
19:21:36;189;0,7493;-;-
19:21:34;188;0,6402;-;-
19:21:32;187;0,5628;-;-
19:21:32;186;0,2697;-;-
19:21:30;185;0,6468;-;-
19:21:28;184;0,266;-;-
19:21:26;183;0,5632;-;-
19:21:26;182;0,3074;-;-
19:21:24;181;0,4093;-;-
19:21:22;180;0,8573;-;-
19:21:22;179;0,5555;-;-
19:21:20;178;0,3132;-;-
19:21:17;177;0,5981;-;-
19:21:15;176;0,5587;-;-
19:21:15;175;0,529;-;-
19:21:13;174;0,7594;-;-
19:21:11;173;1,0304;-;-
19:21:09;172;0,5431;-;-
19:21:09;171;0,5238;-;-
19:21:07;170;0,4695;-;-
19:21:05;169;0,665;-;-
19:21:05;168;0,6912;-;-
19:21:03;167;0,7352;-;-
19:21:01;166;0,8062;-;-
19:20:59;165;0,7724;-;-
19:20:59;164;0,591;-;-
19:20:57;163;0,5869;-;-
19:20:55;162;0,5745;-;-
19:20:53;161;0,4023;-;-
19:20:53;160;0,7086;-;-
19:20:51;159;0,7133;-;-
19:20:49;158;0,591;-;-
19:20:47;157;0,5439;-;-
19:20:47;156;0,6998;-;-
19:20:45;155;0,7886;-;-
19:20:43;154;0,5775;-;-
19:20:41;153;0,6277;-;-
19:20:41;152;0,9521;-;-
19:20:39;151;0,4288;-;-
19:20:37;150;0,7033;-;-
19:20:37;149;0,8864;-;-
19:20:35;148;0,4954;-;-
19:20:33;147;0,671;-;-
19:20:31;146;0,6412;-;-
19:20:31;145;0,4529;-;-
19:20:29;144;0,5497;-;-
19:20:27;143;1,0531;-;-
19:20:27;142;0,4436;-;-
19:20:25;141;0,7294;-;-
19:20:23;140;0,4826;-;-
19:20:21;139;0,3616;-;-
19:20:21;138;0,6041;-;-
19:20:19;137;0,6514;-;-
19:20:17;136;0,6691;-;-
19:20:15;135;0,425;-;-
19:20:15;134;0,5332;-;-
19:20:13;133;1,1093;-;-
19:20:11;132;0,4835;-;-
19:20:11;131;0,5847;-;-
19:20:09;130;0,5829;-;-
19:20:07;129;0,4024;-;-
19:20:05;128;0,4343;-;-
19:20:05;127;0,7385;-;-
19:20:03;126;0,9479;-;-
19:20:01;125;0,8668;-;-
19:20:01;124;0,4795;-;-
19:19:59;123;0,8362;-;-
19:19:57;122;0,3585;-;-
19:19:55;121;0,4186;-;-
19:19:55;120;0,3037;-;-
19:19:53;119;0,5818;-;-
19:19:51;118;0,4301;-;-
19:19:49;117;1,0152;-;-
19:19:49;116;0,8301;-;-
19:19:47;115;0,5596;-;-
19:19:45;114;0,4988;-;-
19:19:45;113;0,9052;-;-
19:19:43;112;0,593;-;-
19:19:41;111;0,5621;-;-
19:19:39;110;0,4639;-;-
19:19:39;109;0,4652;-;-
19:19:37;108;0,7064;-;-
19:19:35;107;0,3925;-;-
19:19:35;106;0,4605;-;-
19:19:33;105;0,5082;-;-
19:19:30;104;0,5446;-;-
19:19:28;103;0,8995;-;-
19:19:28;102;0,607;-;-
19:19:26;101;0,6013;-;-
19:19:24;100;0,6895;0,5732;-
19:19:22;99;0,5932;-;-
19:19:20;98;0,3752;-;-
19:19:20;97;0,8259;-;-
19:19:18;96;0,6256;-;-
19:19:16;95;0,8159;-;-
19:19:14;94;0,6558;-;-
19:19:14;93;0,7121;-;-
19:19:12;92;0,6877;-;-
19:19:10;91;0,6985;-;-
19:19:10;90;0,6836;-;-
19:19:08;89;0,6447;-;-
19:19:06;88;0,8541;-;-
19:19:04;87;0,8671;-;-
19:19:04;86;1,3534;-;-
19:19:02;85;1,0436;-;-
19:19:00;84;0,8598;-;-
19:18:58;83;0,5684;-;-
19:18:58;82;0,8817;-;-
19:18:56;81;0,5795;-;-
19:18:54;80;1,0054;-;-
19:18:52;79;0,5478;-;-
19:18:52;78;0,9229;-;-
19:18:50;77;0,6847;-;-
19:18:48;76;0,6559;-;-
19:18:48;75;0,8074;-;-
19:18:46;74;0,8686;-;-
19:18:44;73;0,9871;-;-
19:18:42;72;1,071;-;-
19:18:42;71;1,2801;-;-
19:18:40;70;0,9475;-;-
19:18:38;69;0,9627;-;-
19:18:36;68;0,9024;-;-
19:18:36;67;1,0992;-;-
19:18:34;66;1,0037;-;-
19:18:32;65;1,2258;-;-
19:18:32;64;0,6903;-;-
19:18:30;63;1,244;-;-
19:18:28;62;1,7051;-;-
19:18:26;61;0,8966;-;-
19:18:26;60;1,0607;-;-
19:18:24;59;1,2166;-;-
19:18:22;58;0,728;-;-
19:18:20;57;1,3282;-;-
19:18:20;56;0,9298;-;-
19:18:18;55;1,0994;-;-
19:18:16;54;1,0338;-;-
19:18:16;53;1,4662;-;-
19:18:14;52;0,9058;-;-
19:18:12;51;1,049;-;-
19:18:10;50;0,9639;-;-
19:18:10;49;0,9314;-;-
19:18:08;48;0,7612;-;-
19:18:06;47;1,0765;-;-
19:18:04;46;1,4086;-;-
19:18:04;45;1,3749;-;-
19:18:02;44;1,3954;-;-
19:18:00;43;1,2446;-;-
19:17:58;42;0,9962;-;-
19:17:58;41;1,4346;-;-
19:17:56;40;1,0238;-;-
19:17:54;39;1,1728;-;-
19:17:54;38;1,2473;-;-
19:17:52;37;1,5503;-;-
19:17:50;36;1,2277;-;-
19:17:48;35;1,4489;-;-
19:17:48;34;1,1715;-;-
19:17:46;33;1,4378;-;-
19:17:44;32;1,4629;-;-
19:17:42;31;1,3655;-;-
19:17:42;30;1,3858;-;-
19:17:40;29;1,0217;-;-
19:17:38;28;1,1754;-;-
19:17:36;27;1,3857;-;-
19:17:36;26;1,9073;-;-
19:17:33;25;1,6803;-;-
19:17:31;24;1,4023;-;-
19:17:31;23;1,4205;-;-
19:17:29;22;2,1686;-;-
19:17:27;21;2,154;-;-
19:17:25;20;2,0899;-;-
19:17:25;19;1,4231;-;-
19:17:23;18;2,0196;-;-
19:17:21;17;1,4984;-;-
19:17:19;16;1,8587;-;-
19:17:19;15;1,5237;-;-
19:17:17;14;1,7865;-;-
19:17:15;13;1,5073;-;-
19:17:13;12;1,8908;-;-
19:17:13;11;1,8222;-;-
19:17:11;10;1,5914;-;-
19:17:09;9;1,9198;-;-
19:17:07;8;1,8608;-;-
19:17:07;7;1,7861;-;-
19:17:05;6;2,1013;-;-
19:17:03;5;2,0056;-;-
19:17:01;4;1,6936;-;-
19:17:01;3;1,7598;-;-
19:16:59;2;1,6079;-;-
19:16:57;1;1,7819;-;-
